{"一沐日": {"post_count": 60, "total_likes": 41522, "total_comments": 2485, "total_shares": 12295, "total_forwards": 5468, "total_interactions": 61770, "avg_interactions_per_post": 1389.6166666666666, "interaction_rate": 1.3896166666666665}, "八曜": {"post_count": 508, "total_likes": 164193, "total_comments": 5992, "total_shares": 34234, "total_forwards": 165756, "total_interactions": 370175, "avg_interactions_per_post": 548.9744094488188, "interaction_rate": 0.5489744094488188}, "麻古": {"post_count": 11, "total_likes": 1304, "total_comments": 540, "total_shares": 66, "total_forwards": 51, "total_interactions": 1961, "avg_interactions_per_post": 234.72727272727272, "interaction_rate": 0.23472727272727273}, "迷客夏": {"post_count": 76, "total_likes": 45497, "total_comments": 3639, "total_shares": 6905, "total_forwards": 1502, "total_interactions": 57543, "avg_interactions_per_post": 966.9736842105264, "interaction_rate": 0.9669736842105263}, "再睡五分鐘": {"post_count": 31, "total_likes": 19950, "total_comments": 23371, "total_shares": 431, "total_forwards": 14, "total_interactions": 43766, "avg_interactions_per_post": 2193.064516129032, "interaction_rate": 2.193064516129032}}