{"brands": ["一沐日", "八曜", "麻古", "迷客夏", "再睡五分鐘"], "likes": [692.0333333333333, 323.21456692913387, 118.54545454545455, 598.6447368421053, 643.5483870967741], "comments": [41.416666666666664, 11.795275590551181, 49.09090909090909, 47.88157894736842, 753.9032258064516], "shares": [204.91666666666666, 67.38976377952756, 6.0, 90.85526315789474, 13.903225806451612]}